Group1;Group2
Sin higiene;E1
Sin higiene;T1
Sin higiene;E2
Sin higiene;T2
Sin higiene;E1
Sin higiene;T1
Sin higiene;E2
Sin higiene;T2
Sin higiene;E1
Sin higiene;T1
Sin higiene;E2
Sin higiene;T2
Sin higiene;E1
Sin higiene;T1
Sin higiene;E2
Sin higiene;T2
Con higiene;E1
Con higiene;T1
Con higiene;E2
Con higiene;T2
Con higiene;E1
Con higiene;T1
Con higiene;E2
Con higiene;T2
Con higiene;E1
Con higiene;T1
Con higiene;E2
Con higiene;T2
Con higiene;E1
Con higiene;T1
Con higiene;E2
Con higiene;T2
Con higiene;E1
Con higiene;T1
Con higiene;E2
Con higiene;T2
Con higiene;E1
Con higiene;T1
Con higiene;E2
Con higiene;T2
Con higiene;E1
Con higiene;T1
Con higiene;E2
Con higiene;T2
Sin higiene;E1
Sin higiene;T1
Sin higiene;E2
Sin higiene;T2
Con higiene;E1
Con higiene;T1
Con higiene;E2
Con higiene;T2
Con higiene;E1
Con higiene;T1
Con higiene;E2
Con higiene;T2
Con higiene;E1
Con higiene;T1
Con higiene;E2
Con higiene;T2
Con higiene;E1
Con higiene;T1
Con higiene;E2
Con higiene;T2
Sin higiene;E1
Sin higiene;T1
Sin higiene;E2
Sin higiene;T2
Sin higiene;E1
Sin higiene;T1
Sin higiene;E2
Sin higiene;T2
Con higiene;E1
Con higiene;T1
Con higiene;E2
Con higiene;T2
Sin higiene;E1
Sin higiene;T1
Sin higiene;E2
Sin higiene;T2
Sin higiene;E1
Sin higiene;T1
Sin higiene;E2
Sin higiene;T2
Con higiene;E1
Con higiene;T1
Con higiene;E2
Con higiene;T2
Con higiene;E1
Con higiene;T1
Con higiene;E2
Con higiene;T2
Sin higiene;E1
Sin higiene;T1
Sin higiene;E2
Sin higiene;T2
Sin higiene;E1
Sin higiene;T1
Sin higiene;E2
Sin higiene;T2
Con higiene;E1
Con higiene;T1
Con higiene;E2
Con higiene;T2
Con higiene;E1
Con higiene;T1
Con higiene;E2
Con higiene;T2
Con higiene;E1
Con higiene;T1
Con higiene;E2
Con higiene;T2
Sin higiene;E1
Sin higiene;T1
Sin higiene;E2
Sin higiene;T2
Sin higiene;E1
Sin higiene;T1
Sin higiene;E2
Sin higiene;T2
Con higiene;E1
Con higiene;T1
Con higiene;E2
Con higiene;T2
Sin higiene;E1
Sin higiene;T1
Sin higiene;E2
Sin higiene;T2
Con higiene;E1
Con higiene;T1
Con higiene;E2
Con higiene;T2
Sin higiene;E1
Sin higiene;T1
Sin higiene;E2
Sin higiene;T2
Sin higiene;E1
Sin higiene;T1
Sin higiene;E2
Sin higiene;T2
Sin higiene;E1
Sin higiene;T1
Sin higiene;E2
Sin higiene;T2
Con higiene;E1
Con higiene;T1
Con higiene;E2
Con higiene;T2
Sin higiene;E1
Sin higiene;T1
Sin higiene;E2
Sin higiene;T2
